<?xml version='1.0' encoding='UTF-8' ?>
<timeLogEntries>
  <time id="1" path="/LAB1/PSP Fundamentals &amp; Advanced/Program 1/Planning" start="@1485521259858" delta="5" interrupt="4" />
  <time id="2" path="/LAB1/PSP Fundamentals &amp; Advanced/Program 1/Planning" start="@1485522095842" delta="9" interrupt="4" />
  <time id="3" path="/LAB1/PSP Fundamentals &amp; Advanced/Program 1/Design" start="@1485522928547" delta="1" />
  <time id="4" path="/LAB1/PSP Fundamentals &amp; Advanced/Program 1/Design" start="@1485523495676" delta="15" interrupt="4" />
  <time id="6" path="/LAB1/PSP Fundamentals &amp; Advanced/Program 1/Code" start="@1485562327057" delta="14" />
  <time id="7" path="/LAB1/PSP Fundamentals &amp; Advanced/Program 1/Code" start="@1485563908622" delta="4" interrupt="6" />
  <time id="8" path="/LAB1/PSP Fundamentals &amp; Advanced/Program 1/Code" start="@1485565116853" delta="5" />
  <time id="9" path="/LAB1/PSP Fundamentals &amp; Advanced/Program 1/Code" start="@1485566347679" delta="9" />
  <time id="10" path="/LAB1/PSP Fundamentals &amp; Advanced/Program 1/Planning" start="@1485610000399" delta="3" />
  <time id="11" path="/LAB1/PSP Fundamentals &amp; Advanced/Program 1/Code" start="@1485616901301" delta="4" />
  <time id="12" path="/LAB1/PSP Fundamentals &amp; Advanced/Program 1/Code" start="@1485617687827" delta="8" interrupt="1" />
  <time id="13" path="/LAB1/PSP Fundamentals &amp; Advanced/Program 1/Code" start="@1485619071270" delta="19" />
  <time id="14" path="/LAB1/PSP Fundamentals &amp; Advanced/Program 1/Design" start="@1485627724228" delta="4" />
  <time id="15" path="/LAB1/PSP Fundamentals &amp; Advanced/Program 1/Test" start="@1485627986726" delta="2" />
  <time id="17" path="/LAB1/PSP Fundamentals &amp; Advanced/Program 1/Design" start="@1485635378481" delta="11" />
  <time id="18" path="/LAB2/PSP0/Planning" start="@1486164754369" delta="4" interrupt="1" />
  <time id="19" path="/LAB2/PSP0/Planning" start="@1486183277198" delta="5" />
  <time id="20" path="/LAB2/PSP0/Code" start="@1486207055754" delta="17" />
  <time id="21" path="/LAB2/PSP0/Design" start="@1486208979815" delta="7" />
  <time id="22" path="/LAB2/PSP0/Design" start="@1486210638908" delta="3" />
  <time id="23" path="/LAB2/PSP0/Code" start="@1486210821864" delta="4" />
  <time id="24" path="/LAB2/PSP0/Code" start="@1486219123325" delta="6" />
  <time id="25" path="/LAB2/PSP0/Planning" start="@1486219470833" delta="4" />
  <time id="26" path="/LAB2/PSP0/Planning" start="@1486219766470" delta="10" />
  <time id="27" path="/LAB2/PSP0/Code" start="@1486220340791" delta="42" />
  <time id="28" path="/LAB2/PSP0/Code" start="@1486224141607" delta="66" />
  <time id="29" path="/LAB2/PSP0/Design" start="@1486245999172" delta="16" />
  <time id="30" path="/LAB2/PSP0/Test" start="@1486247036433" delta="2" />
  <time id="34" path="/U2L2/PSP0/Planning" start="@1504183396000" delta="4" />
  <time id="40" path="/U2L2/PSP0/Code" start="@1504355688000" delta="27" />
  <time id="41" path="/U2L2/PSP0/Design" start="@1504275152000" delta="13" />
  <time id="42" path="/U2L2/PSP0/Code" start="@1504362344000" delta="23" />
  <time id="43" path="/U2L2/PSP0/Code" start="@1504365955000" delta="7" />
  <time id="44" path="/U2L2/PSP0/Design" start="@1504280834000" delta="15" interrupt="2" />
  <time id="45" path="/U2L2/PSP0/Code" start="@1504368316000" delta="11" />
  <time id="46" path="/U2L2/PSP0/Test" start="@1486829804663" delta="3" />
  <time id="47" path="/U2L2/PSP0/Test" start="@1486906610203" delta="2" />
  <time id="48" path="/U2L3/PSP0/Planning" start="@1487334960684" delta="5" />
  <time id="49" path="/U2L3/PSP0/Code" start="@1487335445738" delta="13" />
  <time id="50" path="/U2L3/PSP0/Code" start="@1487337237902" delta="9" interrupt="5" />
  <time id="51" path="/U2L3/PSP0/Code" start="@1487338501848" delta="12" />
  <time id="52" path="/U2L3/PSP0/Design" start="@1487413718298" delta="6" />
  <time id="53" path="/U2L3/PSP0/Code" start="@1487414077868" delta="2" />
  <time id="54" path="/U2L3/PSP0/Design" start="@1487414184043" delta="12" interrupt="12" />
  <time id="55" path="/U2L3/PSP0/Code" start="@1487415667303" delta="5" interrupt="2" />
  <time id="56" path="/U2L3/PSP0/Design" start="@1487416136063" delta="7" interrupt="5" />
  <time id="57" path="/U2L3/PSP0/Code" start="@1487416872366" delta="6" />
  <time id="59" path="/U2L3/PSP0/Test" start="@1487421003712" delta="2" />
  <time id="78" path="/U3L2/PSP0/Planning" start="@1489344925658" delta="5" />
  <time id="79" path="/U3L2/PSP0/Design" start="@1489345268305" delta="1" />
  <time id="80" path="/U3L2/PSP0/Planning" start="@1489345351378" delta="7" />
  <time id="81" path="/U3L2/PSP0/Design" start="@1489345762095" delta="5" />
  <time id="82" path="/U3L2/PSP0/Code" start="@1489346048867" delta="2" />
  <time id="83" path="/U3L2/PSP0/Code" start="@1489346696189" delta="5" />
  <time id="84" path="/U3L2/PSP0/Design" start="@1489347715469" delta="5" />
  <time id="85" path="/U3L2/PSP0/Code" start="@1489348346025" delta="1" />
  <time id="86" path="/U3L2/PSP0/Code" start="@1489352656303" delta="3" />
  <time id="87" path="/U3L2/PSP0/Design" start="@1489352839090" delta="2" />
  <time id="88" path="/U3L2/PSP0/Test" start="@1489353863267" delta="1" />
  <time id="89" path="/U3L2/PSP0/Code" start="@1489356595894" delta="16" />
  <time id="90" path="/U3L2/PSP0/Test" start="@1489357587413" delta="7" />
  <time id="91" path="/U3L2/PSP0/Code" start="@1489358440015" delta="3" />
  <time id="92" path="/U4L1/PSP0/Planning" start="@1489857040361" delta="2" />
  <time id="93" path="/U4L1/PSP0/Planning" start="@1489874148648" delta="4" interrupt="1" />
  <time id="94" path="/U4L1/PSP0/Design" start="@1489875048718" delta="4" />
  <time id="96" path="/U4L1/PSP0/Code" start="@1489876161991" delta="3" />
  <time id="97" path="/U4L1/PSP0/Design" start="@1489877202355" delta="1" />
  <time id="98" path="/U4L1/PSP0/Code" start="@1489877266773" delta="3" />
  <time id="99" path="/U4L1/PSP0/Code" start="@1489878074530" delta="4" interrupt="3" />
  <time id="100" path="/U4L1/PSP0/Design" start="@1489878538515" delta="2" />
  <time id="101" path="/U4L1/PSP0/Code" start="@1489878666528" delta="2" />
  <time id="102" path="/U4L1/PSP0/Code" start="@1489879193468" delta="3" />
  <time id="103" path="/U4L1/PSP0/Code" start="@1489879825594" delta="2" />
  <time id="104" path="/U4L1/PSP0/Code" start="@1489881118156" delta="2" />
  <time id="105" path="/U4L1/PSP0/Code" start="@1489884761849" delta="5" />
  <time id="106" path="/U4L1/PSP0/Code" start="@1489885775939" delta="4" interrupt="4" />
  <time id="107" path="/U4L1/PSP0/Code" start="@1489896165732" delta="3" />
  <time id="108" path="/U4L1/PSP0/Code" start="@1489899011504" delta="3" />
  <time id="109" path="/U4L1/PSP0/Design" start="@1489899187061" delta="4" />
  <time id="110" path="/U4L1/PSP0/Code" start="@1489899436327" delta="4" />
  <time id="111" path="/U4L1/PSP0/Code" start="@1489900616779" delta="2" interrupt="5" />
  <time id="112" path="/U4L1/PSP0/Design" start="@1489934348927" delta="11" />
  <time id="113" path="/U4L1/PSP0/Design" start="@1489935681292" delta="2" />
  <time id="114" path="/U4L1/PSP0/Design" start="@1489936135940" delta="3" interrupt="1" />
  <time id="115" path="/U4L1/PSP0/Design" start="@1489936714642" delta="12" />
  <time id="116" path="/U4L1/PSP0/Code" start="@1489945048403" delta="5" />
  <time id="117" path="/U4L1/PSP0/Code" start="@1489945448804" delta="1" />
  <time id="118" path="/U4L1/PSP0/Test" start="@1489945533348" delta="2" />
  <time id="119" path="/U4L1/PSP0/Code" start="@1489948461521" delta="8" interrupt="141" />
  <time id="120" path="/U4L2/PSP0/Planning" start="@1490450580382" delta="2" />
  <time id="121" path="/U4L2/PSP0/Design" start="@1490450725263" delta="2" />
  <time id="122" path="/U4L2/PSP0/Planning" start="@1490450847946" delta="1" />
  <time id="123" path="/U4L2/PSP0/Code" start="@1490450933467" delta="3" />
  <time id="124" path="/U4L2/PSP0/Code" start="@1490451119757" delta="2" />
  <time id="125" path="/U4L2/PSP0/Design" start="@1490451489699" delta="2" />
  <time id="126" path="/U4L2/PSP0/Code" start="@1490452276558" delta="7" interrupt="1" />
  <time id="127" path="/U4L2/PSP0/Design" start="@1490452800874" delta="3" />
  <time id="128" path="/U4L2/PSP0/Code" start="@1490453003788" delta="2" />
  <time id="129" path="/U4L2/PSP0/Design" start="@1490453127263" delta="4" />
  <time id="130" path="/U4L2/PSP0/Code" start="@1490454355178" delta="5" />
  <time id="131" path="/U4L2/PSP0/Code" start="@1490455595543" delta="2" />
  <time id="132" path="/U4L2/PSP0/Design" start="@1490466232193" delta="5" />
  <time id="133" path="/U4L2/PSP0/Code" start="@1490468338076" delta="14" />
  <time id="134" path="/U4L2/PSP0/Code" start="@1490470686369" delta="8" />
  <time id="135" path="/U4L2/PSP0/Design" start="@1490471169299" delta="1" />
  <time id="136" path="/U4L2/PSP0/Design" start="@1490471266642" delta="2" />
  <time id="137" path="/U4L2/PSP0/Code" start="@1490472419000" delta="45" />
  <time id="138" path="/U4L2/PSP0/Test" start="@1490480019709" delta="5" />
  <time id="139" path="/U5L1/PSP0/Planning" start="@1491746542266" delta="13" />
  <time id="140" path="/U5L1/PSP0/Design" start="@1491747347214" delta="2" />
  <time id="141" path="/U5L1/PSP0/Design" start="@1491747490423" delta="6" />
  <time id="142" path="/U5L1/PSP0/Planning" start="@1491747878723" delta="3" />
  <time id="143" path="/U5L1/PSP0/Code" start="@1491748076630" delta="6" />
  <time id="144" path="/U5L1/PSP0/Code" start="@1491748505065" delta="11" interrupt="5" />
  <time id="145" path="/U5L1/PSP0/Code" start="@1491749662873" delta="21" interrupt="1" />
  <time id="146" path="/U5L1/PSP0/Code" start="@1491752768633" delta="4" />
  <time id="147" path="/U5L1/PSP0/Design" start="@1491753080799" delta="2" />
  <time id="148" path="/U5L1/PSP0/Code" start="@1491753196496" delta="7" />
  <time id="154" path="/U5L1/PSP0/Test" start="@1491775178360" delta="5" />
  <time id="155" path="/U5L1/PSP0/Code" start="@1491775479338" delta="3" />
  <time id="156" path="/U5L1/PSP0/Code" start="@1491775573010" delta="5" />
  <time id="158" path="/U5L1/PSP0/Design" start="@1491775591822" delta="1" />
  <time id="159" path="/U5L1/PSP0/Planning" start="@1491746800000" delta="4" />
  <time id="160" path="/U5L2/PSP0/Planning" start="@1492776928452" delta="10" interrupt="4" />
  <time id="161" path="/U5L2/PSP0/Planning" start="@1492779277783" delta="1" />
  <time id="162" path="/U5L2/PSP0/Design" start="@1492779942374" delta="3" interrupt="1" />
  <time id="163" path="/U5L2/PSP0/Code" start="@1492780366474" delta="2" />
  <time id="164" path="/U5L2/PSP0/Design" start="@1492780498656" delta="2" />
  <time id="165" path="/U5L2/PSP0/Code" start="@1492780607234" delta="2" />
  <time id="166" path="/U5L2/PSP0/Code" start="@1492791490536" delta="5" />
  <time id="167" path="/U5L2/PSP0/Code" start="@1492792134827" delta="53" interrupt="3" />
  <time id="168" path="/U5L2/PSP0/Code" start="@1492796298562" delta="5" />
  <time id="169" path="/U5L1/PSP0/Test" start="@1492897272848" delta="6" />
  <time id="170" path="/U5L1/PSP0/Code" start="@1492897655649" delta="4" />
  <time id="171" path="/U5L1/PSP0/Design" start="@1492897924472" delta="7" />
  <time id="172" path="/U5L1/PSP0/Code" start="@1492898373441" delta="16" />
  <time id="173" path="/U5L1/PSP0/Test" start="@1492899358021" delta="4" />
  <time id="174" path="/U5L1/PSP0/Code" start="@1492899585770" delta="35" />
  <time id="175" path="/U5L1/PSP0/Test" start="@1492901666151" delta="7" />
  <time id="176" path="/U5L1/PSP0/Planning" start="@1493397994264" delta="3" />
  <time id="177" path="/U5L1/PSP0/Design" start="@1493398196183" delta="4" />
  <time id="178" path="/U5L1/PSP0/Code" start="@1493398408264" delta="9" />
  <time id="179" path="/U5L1/PSP0/Code" start="@1493399400913" delta="3" />
  <time id="180" path="/U5L1/PSP0/Design" start="@1493399573793" delta="22" />
  <time id="181" path="/U5L1/PSP0/Code" start="@1493400911335" delta="2" />
  <time id="182" path="/U6L1/PSP0/Planning" start="@1493401098520" delta="3" />
  <time id="183" path="/U6L1/PSP0/Code" start="@1493401274608" delta="73" />
  <time id="184" path="/U6L1/PSP0/Design" start="@1493411149900" delta="9" />
  <time id="187" path="/U6L1/PSP0/Code" start="@1493465179243" delta="36" />
  <time id="188" path="/U6L1/PSP0/Code" start="@1493526230150" delta="8" />
  <time id="189" path="/U6L1/PSP0/Design" start="@1493558685141" delta="70" />
  <time id="190" path="/U6L1/PSP0/Planning" start="@1493570505446" delta="5" />
  <time id="191" path="/U6L1/PSP0/Planning" start="@1493574725286" delta="8" />
  <time id="192" path="/U6L1/PSP0/Code" start="@1493575207173" delta="32" />
  <time id="193" path="/U6L1/PSP0/Test" start="@1493578011604" delta="11" />
  <time id="194" path="/U6L1/PSP0/Code" start="@1493579308913" delta="13" />
  <time id="195" path="/U6L1/PSP0/Code" start="@1493580117053" delta="30" />
  <time id="196" path="/U6L1/PSP0/Test" start="@1493585021416" delta="3" />
  <time id="197" path="/U6L1/PSP0/Test" start="@1493585833404" delta="2" />
  <time id="198" path="/U6L1/PSP0/Code" start="@1493585860840" delta="5" />
  <time id="199" path="/U6L1/PSP0/Code" start="@1493585822253" delta="30" interrupt="2" />
  <time id="200" path="/Proyecto Final/PSP0/Planning" start="@1493689264237" delta="3" interrupt="3" />
  <time id="201" path="/Proyecto Final/PSP0/Planning" start="@1493843003000" delta="4" />
  <time id="202" path="/Proyecto Final/PSP0/Planning" start="@1493843007000" delta="4" />
  <time id="203" path="/Proyecto Final/PSP0/Planning" start="@1493843012000" delta="1" />
  <time id="204" path="/Proyecto Final/PSP0/Planning" start="@1493843016000" delta="9" />
  <time id="205" path="/Proyecto Final/PSP0/Planning" start="@1493843032000" delta="3" />
  <time id="206" path="/Proyecto Final/PSP0/Code" start="@1493929462000" delta="9" />
  <time id="207" path="/Proyecto Final/PSP0/Code" start="@1493929467934" delta="2" />
  <time id="208" path="/Proyecto Final/PSP0/Code" start="@1493929479257" delta="8" />
  <time id="209" path="/Proyecto Final/PSP0/Planning" start="@1493921620000" delta="2" />
  <time id="211" path="/Proyecto Final/PSP0/Design" start="@1493929639120" delta="10" />
  <time id="212" path="/Proyecto Final/PSP0/Design" start="@1493929642357" delta="2" />
  <time id="213" path="/Proyecto Final/PSP0/Design" start="@1493929645383" delta="15" />
  <time id="214" path="/Proyecto Final/PSP0/Design" start="@1493929649151" delta="9" />
  <time id="215" path="/Proyecto Final/PSP0/Code" start="@1493929729930" delta="22" />
  <time id="216" path="/Proyecto Final/PSP0/Code" start="@1493929733000" delta="3" />
  <time id="217" path="/U6L2/PSP0/Planning" start="@1494108989000" delta="3" />
  <time id="218" path="/U6L2/PSP0/Planning" start="@1494108993000" delta="15" />
  <time id="219" path="/U6L2/PSP0/Planning" start="@1494108998000" />
  <time id="220" path="/U6L2/PSP0/Planning" start="@1494108998000" delta="9" />
  <time id="222" path="/U6L2/PSP0/Design" start="@1494195417000" delta="13" />
  <time id="223" path="/U6L2/PSP0/Design" start="@1494109043000" delta="2" />
  <time id="224" path="/U6L2/PSP0/Design" start="@1494109045000" delta="4" />
  <time id="225" path="/U6L2/PSP0/Design" start="@1494109048000" delta="1" />
  <time id="226" path="/U6L2/PSP0/Design" start="@1494109051000" delta="7" />
  <time id="227" path="/U6L2/PSP0/Design" start="@1494098134000" delta="3" />
  <time id="228" path="/U6L2/PSP0/Design" start="@1494098257000" delta="1" />
  <time id="229" path="/U6L2/PSP0/Design" start="@1494098259000" delta="6" />
  <time id="230" path="/U6L2/PSP0/Design" start="@1494098268000" delta="11" />
  <time id="232" path="/U6L2/PSP0/Code" start="@1494195626519" delta="53" />
  <time id="233" path="/U6L2/PSP0/Code" start="@1494195632210" delta="16" />
  <time id="234" path="/U6L2/PSP0/Code" start="@1494195643637" delta="21" />
  <time id="235" path="/U6L2/PSP0/Code" start="@1494195647594" delta="3" />
  <time id="236" path="/U6L2/PSP0/Code" start="@1494195651492" delta="3" />
  <time id="237" path="/U6L2/PSP0/Code" start="@1494195655694" delta="46" />
  <time id="238" path="/U6L2/PSP0/Code" start="@1494195659798" delta="18" />
  <time id="239" path="/U6L2/PSP0/Code" start="@1494195668894" delta="9" />
  <time id="240" path="/U6L2/PSP0/Code" start="@1494195674838" delta="13" />
  <time id="241" path="/U6L2/PSP0/Code" start="@1494195682606" delta="19" />
  <time id="242" path="/U6L2/PSP0/Test" start="@1494195703759" delta="3" />
  <time id="243" path="/U6L2/PSP0/Test" start="@1494195707372" delta="5" />
  <time id="244" path="/U6L2/PSP0/Test" start="@1494195710759" delta="2" />
  <time id="245" path="/U6L2/PSP0/Test" start="@1494195715527" delta="1" />
  <time id="246" path="/U6L2/PSP0/Test" start="@1494195720743" delta="2" />
  <time id="247" path="/Proyecto Final/PSP0/Design" start="@1494678094000" delta="6" />
  <time id="248" path="/Proyecto Final/PSP0/Code" start="@1494678458014" delta="31" />
  <time id="249" path="/Proyecto Final/PSP0/Code" start="@1494682443286" delta="14" />
  <time id="250" path="/Proyecto Final/PSP0/Design" start="@1494683298806" delta="14" />
  <time id="251" path="/Proyecto Final/PSP0/Design" start="@1494685789594" delta="39" />
  <time id="252" path="/Proyecto Final/PSP0/Code" start="@1494688113530" delta="10" />
  <time id="253" path="/Proyecto Final/PSP0/Code" start="@1494688730825" delta="89" interrupt="1" />
  <time id="256" path="/Proyecto Final/PSP0/Code" start="@1494697750662" delta="56" interrupt="3" />
  <time id="257" path="/Proyecto Final/PSP0/Code" start="@1493752101000" delta="108" />
  <time id="258" path="/Proyecto Final/PSP0/Design" start="@1493872770000" delta="26" />
  <time id="259" path="/Proyecto Final/PSP0/Design" start="@1493832073000" delta="11" />
  <time id="260" path="/Proyecto Final/PSP0/Design" start="@1494701279000" delta="63" />
  <time id="261" path="/Proyecto Final/PSP0/Code" start="@1494705082000" delta="136" interrupt="2" />
  <time id="262" path="/Proyecto Final/PSP0/Code" start="@1494619802000" delta="116" />
  <time id="263" path="/Proyecto Final/PSP0/Code" start="@1494642069000" delta="86" />
  <time id="264" path="/Proyecto Final/PSP0/Code" start="@1495496215000" delta="199" />
  <time id="265" path="/Proyecto Final/PSP0/Code" start="@1495480273000" delta="165" />
  <time id="266" path="/Proyecto Final/PSP0/Code" start="@1495660742000" delta="201" />
  <time id="267" path="/Proyecto Final/PSP0/Code" start="@1494814773000" delta="13" />
  <time id="268" path="/U1L2/PSP0/Code" start="@1502495255073" delta="6" interrupt="2" />
  <time id="269" path="/U1L2/PSP0/Design" start="@1502495743358" delta="32" />
  <time id="270" path="/U1L2/PSP0/Design" start="@1502544157781" delta="2" />
  <time id="271" path="/U1L2/PSP0/Code" start="@1502544267466" delta="15" />
  <time id="272" path="/U1L2/PSP0/Design" start="@1502545172900" delta="4" />
  <time id="273" path="/U1L2/PSP0/Code" start="@1502545780231" delta="14" />
  <time id="274" path="/U1L2/PSP0/Design" start="@1502549740972" delta="13" />
  <time id="276" path="/U1L2/PSP0/Code" start="@1502554521573" delta="16" interrupt="48" />
  <time id="277" path="/U1L2/PSP0/Test" start="@1502558414229" delta="3" />
  <time id="278" path="/U1L2/PSP0/Test" start="@1502558927362" delta="2" />
  <time id="279" path="/U1L2/PSP0/Code" start="@1502558919644" delta="18" />
  <time id="280" path="/U1L2/PSP0/Code" start="@1502560639322" delta="2" />
  <time id="281" path="/U1L2/PSP0/Code" start="@1502561701864" delta="11" />
  <time id="282" path="/U1L2/PSP0/Code" start="@1502566676327" delta="16" />
  <time id="284" path="/U1L2/PSP0/Test" start="@1502568723574" delta="1" />
  <time id="283" path="/U1L2/PSP0/Test" start="@1502567686384" delta="1" />
  <time id="285" path="/U1L2/PSP0/Planning" start="@1502469110000" delta="15" />
  <time id="286" path="/U1L2/PSP0/Planning" start="@1502470205000" delta="29" />
  <time id="287" path="/U1L2/PSP0/Test" start="@1502573603798" delta="2" />
  <time id="289" path="/U1L2/PSP0/Design" start="@1502505708000" delta="34" />
  <time id="290" path="/U1L3/PSP0/Planning" start="@1502978504763" delta="23" interrupt="4" />
  <time id="291" path="/U1L3/PSP0/Design" start="@1502979872052" delta="10" />
  <time id="292" path="/U1L3/PSP0/Code" start="@1502981684040" delta="21" />
  <time id="293" path="/U1L3/PSP0/Design" start="@1503005873327" delta="6" />
  <time id="294" path="/U1L3/PSP0/Design" start="@1503006652939" delta="26" />
  <time id="295" path="/U1L3/PSP0/Code" start="@1503008048842" delta="12" />
  <time id="296" path="/U1L3/PSP0/Code" start="@1503010916544" delta="6" />
  <time id="297" path="/U1L3/PSP0/Code" start="@1503013121665" delta="8" />
  <time id="298" path="/U1L3/PSP0/Code" start="@1503019908564" delta="10" />
  <time id="299" path="/U1L3/PSP0/Compile" start="@1503027781959" delta="4" />
  <time id="300" path="/U1L3/PSP0/Test" start="@1503028031108" delta="6" />
  <time id="301" path="/U1L3/PSP0/Code" start="@1503028384170" delta="2" interrupt="39" />
  <time id="302" path="/U2L1/PSP0/Planning" start="@1503581433000" delta="15" />
  <time id="303" path="/U2L1/PSP0/Planning" start="@1503582714000" delta="11" />
  <time id="304" path="/U2L1/PSP0/Planning" start="@1503584391000" delta="6" />
  <time id="305" path="/U2L1/PSP0/Design" start="@1503584081000" delta="4" />
  <time id="306" path="/U2L1/PSP0/Design" start="@1503599559000" delta="19" />
  <time id="307" path="/U2L1/PSP0/Design" start="@1503721274000" delta="21" />
  <time id="308" path="/U2L1/PSP0/Code" start="@1503766066000" delta="37" />
  <time id="309" path="/U2L1/PSP0/Code" start="@1503794094000" delta="19" />
  <time id="310" path="/U2L1/PSP0/Code" start="@1503760284000" delta="11" />
  <time id="311" path="/U2L1/PSP0/Code" start="@1503761088000" delta="3" />
  <time id="313" path="/U2L1/PSP0/Design" start="@1503808964663" delta="2" />
  <time id="314" path="/U2L1/PSP0/Code" start="@1503809327310" delta="10" />
  <time id="316" path="/U2L1/PSP0/Test" start="@1503809948423" delta="6" />
  <time id="317" path="/U2L1/PSP0/Test" start="@1503811148109" delta="2" />
  <time id="318" path="/U2L2/PSP0/Planning" start="@1504190861294" delta="21" />
  <time id="319" path="/U2L2/PSP0/Planning" start="@1504363097116" delta="17" />
  <time id="320" path="/U2L2/PSP0/Design" start="@1504364117660" delta="16" />
  <time id="321" path="/U2L2/PSP0/Code" start="@1504435818044" delta="17" interrupt="1" />
  <time id="322" path="/U2L2/PSP0/Test" start="@1504437616544" delta="6" />
  <time id="323" path="/U2L2/PSP0/Code" start="@1504442246670" delta="18" />
  <time id="324" path="/U2L2/PSP0/Test" start="@1504454123578" delta="3" />
  <time id="325" path="/U2L2/PSP0/Design" start="@1504366551000" delta="8" />
  <time id="328" path="/U3L1/PSP0/Design" start="@1505528213471" delta="13" />
  <time id="330" path="/U3L1/PSP0/Design" start="@1505529791414" delta="4" />
  <time id="331" path="/U3L1/PSP0/Planning" start="@1505488402000" delta="21" />
  <time id="333" path="/U3L1/PSP0/Code" start="@1505578592205" delta="3" />
  <time id="334" path="/U3L1/PSP0/Code" start="@1505578797957" delta="11" />
  <time id="335" path="/U3L1/PSP0/Code" start="@1505581089343" delta="21" />
  <time id="336" path="/U3L1/PSP0/Planning" start="@1505621253118" delta="14" />
  <time id="337" path="/U3L1/PSP0/Test" start="@1505622061542" delta="3" />
  <time id="338" path="/U3L1/PSP0/Test" start="@1505622267252" delta="4" />
  <time id="339" path="/U3L1/PSP0/Code" start="@1505622278909" delta="3" />
  <time id="340" path="/U3L1/PSP0/Code" start="@1505622644000" delta="15" />
  <time id="341" path="/U3L1/PSP0/Code" start="@1505623553000" delta="6" />
</timeLogEntries>
